,LipSync,,,,,,,Total filament (g),,,Unit Cost,Total Cost,Total Print time (hr),,,,,,,,,,,,,,,,,,,
,Version:,4.1,,Last updated:,2025-Mar-21,,,158,,, $176.11 , $295.70 ,15:03,,,,,,,,,,,,,,,,,,,
,Commercial Parts,,,,,,,,,,,,,,,,,,,,,,,,,,,,,,,
ID,Part,Description,,Manufacturer,Supplier,Supplier PN,QTY,QTY / PKG,PKGs,$/PKG,Price per Unit,Total Price,,Link,Alternate,,,,,,,,,,,,,,,,,
Joystick Parts,,,,,,,,,,,,,,,,,,,,,,,,,,,,,,,,
U2,TLV493D,Adafruit TLV493D Triple-Axis Magnetometer - STEMMA QT / Qwiic,Joystick,Adafruit,Digikey,1528-4366-ND,1,1,1, $8.53 , $8.53 , $8.53 ,,https://www.digikey.ca/en/products/detail/adafruit-industries-llc/4366/10481837 ,,,,,,,,,,,,,,,,,,
U3,LPS33HW,Adafruit LPS33HW Water Resistant Pressure Sensor - STEMMA QT,Joystick,Adafruit,Digikey,1528-4414-ND,1,1,1, $17.91 , $17.91 , $17.91 ,,https://www.digikey.ca/en/products/detail/adafruit-industries-llc/4414/11201428 ,,,,,,,,,,,,,,,,,,
U4,LPS22,Adafruit LPS22 Pressure Sensor - STEMMA QT / Qwiic - LPS22HB,Joystick,Adafruit,Digikey,1528-4633-ND,1,1,1, $9.96 , $9.96 , $9.96 ,,https://www.digikey.ca/en/products/detail/adafruit-industries-llc/4633/12396897,,,,,,,,,,,,,,,,,,
BRG,Bearing,"0.250"" ball bearing, 1/4"" ID, 0.5"" OD",Joystick,Mechatronics Bearing Group,Digikey,1995-1003-ND,4,1,4, $3.41 , $13.64 , $13.64 ,,https://www.digikey.ca/en/products/detail/mechatronics-bearing-group/DDRI814ZZRA3P25LY121/9608362 ,,,,,,,,,,,,,,,,,,
MAG,Magnet,"Cylindrical magnet, 8 mm OD, 2.5 mm thick",Joystick,"Radial Magnet, Inc.",Digikey,469-1029-ND,3,1,3, $1.18 , $3.54 , $3.54 ,,https://www.digikey.ca/en/products/detail/radial-magnets-inc/9029/5218824,,,,,,,,,,,,,,,,,,
CBL-QWIIC-150-M,QWIIC-150 to Male Headers,JST SH 4-PIN TO PREMIUM MALE HEA,Joystick,Adafruit,Digikey,1528-4209-ND,1,1,1, $1.39 , $1.39 , $1.39 ,,https://www.digikey.ca/en/products/detail/adafruit-industries-llc/4209/10230003,,,,,,,,,,,,,,,,,,
CBL-QWIIC-50,QWIIC-50,Qwiic JST SH 4-pin Cable - 50mm  ,Joystick,SparkFun Electronics,Digikey,1568-PRT-17260-ND,1,1,1, $1.52 , $1.52 , $1.52 ,,https://www.digikey.ca/en/products/detail/sparkfun-electronics/PRT-17260/13629028,,,,,,,,,,,,,,,,,,
CBL-QWIIC-200,QWIIC-200,Qwiic Cable JST SH 4-pin Cable - 200mm,Joystick,SparkFun Electronics,Digikey,1568-PRT-17258-ND‎,1,1,1, $2.48 , $2.48 , $2.48 ,,https://www.digikey.ca/en/products/detail/sparkfun-electronics/PRT-17258/13629029?s=N4IgTCBcDaIAoCUAqBaAjAdjAVgBwgF0BfIA ,,,,,,,,,,,,,,,,,,
PCB2,RJ11 Breakout board,RJ11 Breakout,Joystick,SparkFun Electronics,Digikey,1568-1440-ND,1,2,1, $3.01 , $1.51 , $3.01 ,,https://www.digikey.ca/en/products/detail/sparkfun-electronics/BOB-14021/6228638,,,,,,,,,,,,,,,,,,
CBL-RJ11,RJ11 cable,"Modular Cable Plug to Plug 6p6c (RJ11, RJ12, RJ14, RJ25) 7.00' (2.13m) Unshielded",Joystick Cable,Assmann WSW Components,Digikey,A2662R-07-ND,1,1,1, $3.94 , $3.94 , $3.94 ,,https://www.digikey.ca/en/products/detail/assmann-wsw-components/AT-S-26-6-6-B-7-R/1972588 ,,,,,,,,,,,,,,,,,,
J1,Modular Connector Jack,"Jack Modular Connector 6p6c (RJ11, RJ12, RJ14, RJ25) 90° Angle (Right) Unshielded Cat3",Joystick,TE Connectivity AMP Connectors,Digikey,A31422-ND,2,1,2, $1.45 , $2.90 , $2.90 ,,https://www.digikey.ca/en/products/detail/te-connectivity-amp-connectors/5555165-1/769566,,,,,,,,,,,,,,,,,,
-,Male Luer Connectors,Mouthpiece Connector to Gimbal,Joystick,,Amazon,B13193,1,30,1, $11.99 , $0.40 , $11.99 ,,https://www.amazon.ca/gp/product/B0B8CJVX3S,,,,,,,,,,,,,,,,,,
-,"Silicone Tubing, 2 mm ID, 4 mm OD",Air path to sensor,Joystick,,Amazon,,50,3000,1, $12.49 , $0.21 , $12.49 ,,https://www.amazon.ca/gp/product/B01C3GCZTM,,,,,,,,,,,,,,,,,,
Hub Parts,,,,,,,,,,,,,,,,,,,,,,,,,,,,,,,,
CBL-QWIIC-100,QWIIC-100,Qwiic JST SH 4-pin Cable - 100 mm  ,Hub,Adafruit,Digikey,1528-4210-ND,1,1,1, $1.39 , $1.39 , $1.39 ,,https://www.digikey.ca/en/products/detail/adafruit-industries-llc/4210/10230021 ,,,,,,,,,,,,,,,,,,
U1,Seeed Studio Xiao nrf52840,Microcontroller,Hub,"Seeed Studio Technology Co., Ltd.",Digikey,1597-102010448-ND,1,1,1, $15.85 , $15.85 , $15.85 ,,"https://www.digikey.ca/en/products/detail/seeed-technology-co.,-ltd/102010448/16652893 ",,,,,,,,,,,,,,,,,,
J6,Male Headers for Xiao,7-pin male headers for microcontroller,Hub,"Seeed Studio Technology Co., Ltd.",Digikey,1597-102010490-ND,2,5,1, $0.37 , $0.15 , $0.37 ,,https://www.digikey.ca/en/products/detail/seeed-technology-co-ltd/102010490/19176770 ,,,,,,,,,,,,,,,,,,
SW1/SW2/SW3,Mono Switch Jacks,Mono switch jacks,Hub,CUI Devices,Digikey,CP1-3535NG-ND,3,1,3, $2.29 , $6.87 , $6.87 ,,https://www.digikey.ca/en/products/detail/cui-devices/SJ1-3535NG/738699 ,,,,,,,,,,,,,,,,,,
S1/S2,Tactile switches,Tactile switches for controls,Hub,Omron,Digikey,SW801-ND,2,1,2, $1.02 , $2.04 , $2.04 ,,https://www.digikey.ca/en/products/detail/omron-electronics-inc-emc-div/B3F-5050/368377,,,,,,,,,,,,,,,,,,
J5,7 Pin Female Headers,7 position female headers,Hub,Sullins Connector Solutions,Digikey,S7005-ND,2,1,2, $0.88 , $1.76 , $1.76 ,,https://www.digikey.ca/en/products/detail/sullins-connector-solutions/PPTC071LFBN-RC/810146,,,,,,,,,,,,,,,,,,
J2,4 Pin Male Headers,4 Pin Male Headers,Hub,Sullins Connector Solutions,Digkey,S1011EC-04-ND,1,1,1, $0.19 , $0.19 , $0.19 ,,https://www.digikey.ca/en/products/detail/sullins-connector-solutions/PRPC004SAAN-RC/2775250,,,,,,,,,,,,,,,,,,
DISP,LCD feedback screen,"Monochrome 1.3"" 128x64 OLED graphic display - STEMMA QT / Qwiic",Hub,Adafruit,Digikey,1528-1512-ND,1,1,1, $30.47 , $30.47 , $30.47 ,,https://www.digikey.ca/en/products/detail/adafruit-industries-llc/938/5774238,,,,,,,,,,,,,,,,,,
LS1,Buzzer PS1240,Piezo Buzzer PS1240,Hub,TDK,Digikey,445-2525-1-ND - Cut Tape (CT),1,1,1, $0.92 , $0.92 , $0.92 ,,https://www.digikey.ca/en/products/detail/tdk-corporation/PS1240P02BT/935924,,,,,,,,,,,,,,,,,,
D1/D2/D3,5MM Red LED,Diffused 5MM Round T/H Red LED,Hub,Würth Elektronik,Digikey,732-5016-ND,3,1,3, $0.26 , $0.78 , $0.78 ,,https://www.digikey.ca/en/products/detail/w%C3%BCrth-elektronik/151051RS11000/4490012 ,,,,,,,,,,,,,,,,,,
R2/R3/R4,LED Resistors,"68 Ohm Resistor, 1/4W",Hub,YAGEO,Digikey,68QBK-ND,3,1,3, $0.16 , $0.48 , $0.48 ,,https://www.digikey.ca/en/products/detail/yageo/CFR-25JB-52-68R/2832,,,,,,,,,,,,,,,,,,
R1,Speaker Resistor,100 Ohm Resistor,Hub,YAGEO,Digikey,100XBK-ND,1,1,1, $0.14 , $0.14 , $0.14 ,,https://www.digikey.ca/en/products/detail/yageo/MFR-25FBF52-100R/12795 ,,,,,,,,,,,,,,,,,,
C1,Capacitor,10 µF Ceramic Capacitor ,Hub,KEMET,Digikey,C430C106K3R5TA-ND,1,1,1, $1.01 , $1.01 , $1.01 ,,https://www.digikey.ca/en/products/detail/kemet/C430C106K3R5TA/6685941 ,,,,,,,,,,,,,,,,,,
J4,Qwiic Adapter Board,Sparkfun Qwiic Adapter,Hub,SparkFun Electronics,Digikey,1568-1785-ND,1,1,1, $2.34 , $2.34 , $2.34 ,,https://www.digikey.ca/en/products/detail/sparkfun-electronics/DEV-14495/7942483,,,,,,,,,,,,,,,,,,
M2.5n,M2.5 Nut,"HEX NUT, NATURAL, NYLON, M2.5 X",Hub + Joystick,Essentra Components,Digikey,04M025045HN,7,1,7, $0.19 , $1.33 , $1.33 ,,https://www.digikey.ca/en/products/detail/essentra-components/04M025045HN/9677099 ,,,,,,,,,,,,,,,,,,
M2.5x8,M2.5 Screw - 8 mm length,"PAN PHILLIPS SCREW, M2.5X0.45 T x 8 mm Long",Hub + Joystick,Essentra Components,Digikey,50M025045P008,7,1,7, $0.20 , $1.40 , $1.40 ,,https://www.digikey.ca/en/products/detail/essentra-components/50M025045P008/11638585 ,,,,,,,,,,,,,,,,,,
LP,"Light Pipe 0.250""",Light Pipe,Hub + Joystick,Dialight,Digikey,350-3746-ND,2,1,2, $1.66 , $3.32 , $3.32 ,,https://www.digikey.ca/en/products/detail/dialight/51513030250F/4965201 ,,,,,,,,,,,,,,,,,,
No4x3_8,No.4 Screw x 3/8in,SHT MTL SCREW PAN PHIL #4,Hub + Joystick,Serpac,Digikey,SR6005-ND,8,1,8, $0.63 , $5.04 , $5.04 ,,https://www.digikey.ca/en/products/detail/serpac/6005/307599,,,,,,,,,,,,,,,,,,
-,T-Nut,"1/4-20 T-nut x 5/16"" length",Hub + Joystick,PowerTec,Amazon,‎QTN1110,2,50,1, $15.54 , $0.62 , $15.54 ,,https://www.amazon.ca/gp/product/B07NCXNKJR,,,,,,,,,,,,,,,,,,
CBL-USB,USB C cable - 6 ft,USB C to USB A cable for microcontroller,Hub Cable,Amazon,Amazon,,1,1,1, $12.95 , $12.95 , $12.95 ,,https://www.amazon.ca/dp/B01GGKYN0A,,,,,,,,,,,,,,,,,,
Mouthpiece Parts,,,,,,,,,,,,,,,,,,,,,,,,,,,,,,,,
,Silicone Straw,Mouthpiece Tip,Mouthpiece Consumable,WOVTE,Amazon,,2,6,1, $12.49 , $4.16 , $12.49 ,,https://www.amazon.ca/WOVTE-Reusable-Toddlers-Silicone-Cleaning/dp/B07KVTYG5X,,,,,,,,,,,,,,,,,,
,Female Luer Lock 1/4 Inch Luer Lock Connector Kit to Syringe Coupler Adapter,Mouthpiece Tip Adapter,Mouthpiece Consumable,PEUTIER,Amazon,B0CJY11V4B,5,30,1, $10.99 , $1.83 , $10.99 ,,https://www.amazon.ca/dp/B0CJY11V4B,,,,,,,,,,,,,,,,,,
-,Syringe Filters,Mouthpiece Filter,Mouthpiece Consumable,,Amazon,B0BKRR426C,6,100,1, $39.99 , $2.40 , $39.99 ,,https://www.amazon.ca/gp/product/B0BKRR426C,,,,,,,,,,,,,,,,,,
,Custom PCB,,,,,,,,,,,,,,,,,,,,,,,,,,,,,,,
,Part,Description,,Manufacturer,Supplier,Supplier PN,QTY,QTY / PKG,PKG,$/PKG,Price per Unit,Total Price,,Link,,,,,,,,,,,,,,,,,,
PCB1,LipSync Hub PCB,PCB,Hub,JLCPCB,,,1,5,1,5,1,5,,https://jlcpcb.com/,,,,,,,,,,,,,,,,,,
,PCB Shipping,PCB Shipping - DHL Express,Shipping,,,,1,5,1,25,5,25,,,,,,,,,,,,,,,,,,,,
,PCB Shipping,PCB Shipping - Fedex International,Shipping,,,,0,5,0,25,0,0,,,,,,,,,,,,,,,,,,,,
,,,,,,,,,,,,,,,,,,,,,,,,,,,,,,,,
,3D Printed Parts                                                                                     ESTIMATED PRICING USING 1KG ROLL COST:, $30.00 ,,,,,,,,,,,,,,,,,,,,,,,,,,,,,,
,Part,Description,,,,,QTY, Mass (g),,Estimated Price,Estimated Price,Estimated Price,Print Time (hr:Min),Link,,,,,,,,,,,,,,,,,,
,LS4_Hub_Top ,Top of the Hub,Hub,,,,1,19,, $0.57 , $0.57 , $0.57 ,0:36,,,,,,,,,,,,,,,,,,,
,LS4_Hub_Bottom,Bottom of the Hub,Hub,,,,1,26,, $0.78 , $0.78 , $0.78 ,1:12,,,,,,,,,,,,,,,,,,,
,LS4_Hub_LED_Spacer,Spacer to properly position feedback LEDs in the Hub,Hub,,,,1,2,, $0.06 , $0.06 , $0.06 ,1:34,,,,,,,,,,,,,,,,,,,
,LS4_Hub_Next_Button,Button to push an internal switch on the Hub,Hub,,,,1,2,, $0.06 , $0.06 , $0.06 ,2:07,,,,,,,,,,,,,,,,,,,
,LS4_Hub_Select_Button,Button to push an internal switch on the Hub,Hub,,,,1,2,, $0.06 , $0.06 , $0.06 ,0:13,,,,,,,,,,,,,,,,,,,
,LS4_Inner_Gimbal_1,Half of the inner gimbal mechanism,Joystick,,,,1,3,, $0.09 , $0.09 , $0.09 ,0:11,,,,,,,,,,,,,,,,,,,
,LS4_Inner_Gimbal_ 2,Half of the inner gimbal mechanism,Joystick,,,,1,3,, $0.09 , $0.09 , $0.09 ,0:11,,,,,,,,,,,,,,,,,,,
,LS4_Outer_Gimbal_1,Half of the outer gimbal mechanism,Joystick,,,,1,3,, $0.09 , $0.09 , $0.09 ,0:19,,,,,,,,,,,,,,,,,,,
,LS4_Outer_ Gimbal_2,Half of the outer gimbal mechanism,Joystick,,,,1,3,, $0.09 , $0.09 , $0.09 ,0:19,,,,,,,,,,,,,,,,,,,
,LS4_Gimbal_Shield,Cover for the front of the gimbal mechanism,Joystick,,,,1,4,, $0.12 , $0.12 , $0.12 ,0:18,,,,,,,,,,,,,,,,,,,
,LS4_Magnet_Clip,Piece to hold the magnets of the gimbal sled in place,Joystick,,,,2,1,, $0.03 , $0.03 , $0.03 ,0:02,,,,,,,,,,,,,,,,,,,
,LS4_Gimbal_Sled,Sled to hold gimbal mechanism and insert into the housing,Joystick,,,,1,5,, $0.15 , $0.15 , $0.15 ,0:43,,,,,,,,,,,,,,,,,,,
,LS4_Front_Cap,Front face of the joystick enclosure,Joystick,,,,1,14,, $0.42 , $0.42 , $0.42 ,0:58,,,,,,,,,,,,,,,,,,,
,LS4_Joystick_Housing,Main body of the joystick enclosure,Joystick,,,,1,26,, $0.78 , $0.78 , $0.78 ,2:05,,,,,,,,,,,,,,,,,,,
,LS4_Outer_Locking_Ring,Outer ring used to lock the joystick orientation in place,Joystick,,,,1,17,, $0.51 , $0.51 , $0.51 ,1:15,,,,,,,,,,,,,,,,,,,
,LS4_Inner_Locking_Ring,Inner ring that helps lock the joystick orientation in place,Joystick,,,,1,6,, $0.18 , $0.18 , $0.18 ,0:33,,,,,,,,,,,,,,,,,,,
,LS4_Rear_Housing,Back portion of the joystick enclosure,Joystick,,,,1,22,, $0.66 , $0.66 , $0.66 ,2:27,,,,,,,,,,,,,,,,,,,
,Alternatives,,,,,,,,,,,,,,,,,,,,,,,,,,,,,,,
,Part,Description,,Manufacturer,Supplier,,,,,,,,,,,,,,,,,,,,,,,,,,,
,TLV493D,Adafruit TLV493D Triple-Axis Magnetometer - STEMMA QT / Qwiic,,Adafruit,Mouser,485-4366,1,1,1, $8.63 , $8.63 , $8.63 ,,https://www.mouser.ca/ProductDetail/Adafruit/4366?qs=Cb2nCFKsA8rqS%252BdmeewMYw%3D%3D,,,,,,,,,,,,,,,,,,
,LPS33HW,Adafruit LPS33HW Water Resistant Pressure Sensor - STEMMA QT,,Adafruit,Mouser,485-4414,1,1,1, $18.13 , $18.13 , $18.13 ,,https://www.mouser.ca/ProductDetail/Adafruit/4414?qs=xZ%2FP%252Ba9zWqbFiAS6M6RHZw%3D%3D,,,,,,,,,,,,,,,,,,
,LPS22,Adafruit LPS22 Pressure Sensor - STEMMA QT / Qwiic - LPS22HB,,Adafruit,Mouser,485-4633,1,1,1, $10.08 , $10.08 , $10.08 ,,https://www.mouser.ca/ProductDetail/Adafruit/4633?qs=W%2FMpXkg%252BdQ4ebNdNVsYA5Q%3D%3D,,,,,,,,,,,,,,,,,,
CBL-QWIIC-100,QWIIC-100,Qwiic JST SH 4-pin Cable - 100mm  ,,Adafruit,Mouser,485-4210,1,1,1, $1.38 , $1.38 , $1.38 ,,https://www.mouser.ca/ProductDetail/Adafruit/4210?qs=PzGy0jfpSMuCfezrcTX9rQ%3D%3D ,,,,,,,,,,,,,,,,,,
CBL-QWIIC-50,QWIIC-50,Qwiic JST SH 4-pin Cable - 50mm  ,,Adafruit,Mouser,485-4399,1,1,1, $1.38 , $1.38 , $1.38 ,,https://www.mouser.ca/ProductDetail/Adafruit/4399?qs=xZ%2FP%252Ba9zWqZ%2FTpT35o5XxA%3D%3D ,,,,,,,,,,,,,,,,,,
CBL-QWIIC-50,QWIIC-50,Qwiic JST SH 4-pin Cable - 50mm  ,,SparkFun Electronics,PiShop,,1,1,1, $1.95 , $1.95 , $1.95 ,,https://www.pishop.ca/product/stemma-qt-qwiic-jst-sh-4-pin-cable-50mm-long/ ,,,,,,,,,,,,,,,,,,
,C1 Capacitor,10 µF Ceramic Capacitor ,,TDK Corporation,Digikey,445-181284-1-ND,1,1,1, $0.72 , $0.72 , $0.72 ,,https://www.digikey.ca/en/products/detail/tdk-corporation/FG28X5R1E106MRT06/10185405 ,,,,,,,,,,,,,,,,,,
,RJ11 Breakout board,RJ11 Breakout,,SparkFun Electronics,Mouser,474-BOB-14021,1,1,1, $2.83 , $2.83 , $2.83 ,,https://www.mouser.ca/ProductDetail/SparkFun/BOB-14021?qs=FNcb6ahWXRxYfdHxmKm33A%3D%3D,,,,,,,,,,,,,,,,,,
,RJ11 Jack,"Jack Modular Connector 6p6c (RJ11, RJ12, RJ14, RJ25) 90° Angle (Right) Unshielded Cat3",,TE Connectivity AMP Connectors,Mouser,571-5555165-1,2,1,2, $1.46 , $2.92 , $2.92 ,,https://www.mouser.ca/ProductDetail/TE-Connectivity-AMP/5555165-1?qs=BcfjnG7NVaWb2UIqidZ6Zg%3D%3D,,,,,,,,,,,,,,,,,,
,RJ11 cable,"Modular Cable Plug to Plug 6p6c (RJ11, RJ12, RJ14, RJ25) 7.00' (2.13m) Unshielded",,Amphenol Cables on Demand,Mouser,MP-5FRJ11STWS-007,1,1,1, $5.34 , $5.34 , $5.34 ,,https://www.mouser.ca/ProductDetail/Amphenol-Cables-on-Demand/MP-5FRJ11STWS-007?qs=H5r6JxgcqAhybXCGFpSfXQ%3D%3D ,,,,,,,,,,,,,,,,,,
,RJ11 cable,"Modular Cable Plug to Plug 6p6c (RJ11, RJ12, RJ14, RJ25) 7.00' (2.13m) Unshielded",,CNC Tech,Digikey,1175-2331-ND,1,1,1, $6.40 , $6.40 , $6.40 ,,,,,,,,,,,,,,,,,,,,
,Mono switch jacks,Mono switch jacks,,CUI Devices,Mouser,490-SJ1-3535NG,3,1,3, $2.31 , $6.93 , $6.93 ,,https://www.mouser.ca/ProductDetail/CUI-Devices/SJ1-3535NG?qs=WyjlAZoYn50jUmKVsqeRJw%3D%3D,,,,,,,,,,,,,,,,,,
,5MM Red LED,Diffused 5MM Round T/H Red LED,,Kingbright ,Digikey,754-1732-ND,2,1,2, $0.89 , $1.78 , $1.78 ,,https://www.digikey.ca/en/products/detail/kingbright/WP7113ID5V/3084220 ,,,,,,,,,,,,,,,,,,
,Xiao nRF52840,Microcontroller ,Hub,Seeed Studio,Mouser,,1,1,1, $0.89 , $0.89 , $0.89 ,,https://www.mouser.ca/ProductDetail/Seeed-Studio/102010448?qs=Znm5pLBrcAJ5g%252BWAkitg4w%3D%3D,,,,,,,,,,,,,,,,,,
,M2.5 Bolt,M2.5 Bolt,Hub + Joystick,Essentra,Mouser,144-50M025045K008,6,1,6, $0.09 , $0.01 , $0.52 ,,https://www.mouser.ca/ProductDetail/Essentra/50M025045K008?qs=PzGy0jfpSMt5PUju15hdzg%3D%3D,,,,,,,,,,,,,,,,,,
,M2.5 Nut,M2.5 Nut,Hub + Joystick,Essentra,Digikey,RPC7085-ND,6,1,6, $0.20 , $0.03 , $1.20 ,,https://www.digikey.ca/en/products/detail/essentra-components/04M025045HN/9677099,,,,,,,,,,,,,,,,,,
,Buzzer,Piezo Buzzer,Hub,TDK Corporation,Digikey,445-2525-1-ND,1,1,1, $0.96 , $0.96 , $0.96 ,,,,,,,,,,,,,,,,,,,,
,,,,,,,,,,,,,,,,,,,,,,,,,,,,,,,,
,,,,,,,,,,,,,,,,,,,,,,,,,,,,,,,,
,,,,,,,,,,,,,,,,,,,,,,,,,,,,,,,,
,Mouser Shipping,,,,Mouser,,1,1,1, $20.00 , $20.00 , $20.00 ,,,,,,,,,,,,,,,,,,,,
,,,,,,,,,,,,,,,,,,,,,,,,,,,,,,,,
U2,TLV493D,Adafruit TLV493D Triple-Axis Magnetometer - STEMMA QT / Qwiic,Joystick,Adafruit,Adafruit,4366,1,1,1,, $-   , $-   ,,https://www.adafruit.com/product/4366,,,,,,,,,,,,,,,,,,
U3,LPS33HW,Adafruit LPS33HW Water Resistant Pressure Sensor - STEMMA QT,Joystick,Adafruit,Adafruit,4414,1,1,1,, $-   , $-   ,,https://www.adafruit.com/product/4414,,,,,,,,,,,,,,,,,,
U4,LPS22,Adafruit LPS22 Pressure Sensor - STEMMA QT / Qwiic - LPS22HB,Joystick,Adafruit,Adafruit,4633,1,1,1,, $-   , $-   ,,https://www.adafruit.com/product/4633,,,,,,,,,,,,,,,,,,
CBL-QWIIC-50,QWIIC-50,Qwiic JST SH 4-pin Cable - 50mm  ,,Adafruit,Adafruit,4399,1,1,1,, $-   , $-   ,,https://www.adafruit.com/product/4399,,,,,,,,,,,,,,,,,,
CBL-QWIIC-100,QWIIC-100,Qwiic JST SH 4-pin Cable - 100mm  ,,Adafruit,Adafruit,4210,1,1,1,, $-   , $-   ,,https://www.adafruit.com/product/4210,,,,,,,,,,,,,,,,,,
CBL-QWIIC-150,QWIIC-150-Male,Qwiic JST SH 4-pin Cable  to Dupont - 150mm  ,,Adafruit,Adafruit,4209,1,1,1,, $-   , $-   ,,https://www.adafruit.com/product/4209,,,,,,,,,,,,,,,,,,
DISP,LCD feedback screen,"Monochrome 1.3"" 128x64 OLED graphic display - STEMMA QT / Qwiic",Hub,Adafruit,Digikey,938,1,1,1,, $-   , $-   ,,https://www.adafruit.com/product/938#technical-details,,,,,,,,,,,,,,,,,,
,Tactile Switch,"Tactile Switch Buttons (12mm square, 6mm tall)",Hub,Adafruit,Adafruit,1119,2,10,1,, $-   , $-   ,,https://www.adafruit.com/product/1119,,,,,,,,,,,,,,,,,,
,,,,,,,,,,, $-   , $-   ,,,,,,,,,,,,,,,,,,,,
,,,,,,,,,,,,,,,,,,,,,,,,,,,,,,,,
PCB2,RJ11 Breakout board,RJ11 Breakout,Joystick,SparkFun Electronics,SparkFun,,1,2,1,, $-   , $-   ,,https://www.sparkfun.com/products/14021,,,,,,,,,,,,,,,,,,
J4,Qwiic Adapter Board,Sparkfun Qwiic Adapter,Hub,SparkFun Electronics,SparkFun,DEV014495,1,1,1,, $-   , $-   ,,https://www.sparkfun.com/products/14495,,,,,,,,,,,,,,,,,,
,,,,,,,,,0,, $-   , $-   ,,,,,,,,,,,,,,,,,,,,
,Syringe Filter,Filter,Mouthpiece Consumable,REKORI,Amazon,,6,100,1,43.31, $2.60 , $43.31 ,,https://www.amazon.ca/Hydrophobic-Membrane-Filtration-Non-Sterile-Injection/dp/B0B9X33SHM/ref=sr_1_13?crid=1YCX56KYUE8DS&keywords=hydrophobic+syringe+filter&qid=1706894901&sprefix=hydrophobic+syringe+filt%2Caps%2C153&sr=8-13,,,,,,,,,,,,,,,,,,
,Silicone Straw,Mouthpiece Tip,Mouthpiece Consumable,LIFNY,Amazon,,2,12,1,13.99, $2.33 , $13.99 ,,https://www.amazon.ca/Reusable-Silicone-Drinking-Approved-Tumblers/dp/B07PZTWW55/ref=sr_1_5?crid=3FWUMQYEWHMAZ&keywords=silicone%2Bstraw&qid=1706896605&sprefix=silicone%2Bstraw%2Caps%2C169&sr=8-5&th=1,,,,,,,,,,,,,,,,,,
,Female Luer Lock 1/4 Inch Luer Lock Connector Kit to Syringe Coupler Adapter,Mouthpiece Tip Adapter,Mouthpiece Consumable,MycologyLids ,Amazon,,5,10,1,20.27, $10.14 , $20.27 ,,https://www.amazon.ca/Female-Connector-6-4mm-Tubing-Adapter/dp/B0D7TW5R71,,,,,,,,,,,,,,,,,,
,Silicone Tube,Silicone Tube,Mouthpiece Consumable,Kingsrey,Amazon,,3,500,1,16.36, $0.10 , $16.36 ,,https://www.amazon.ca/Silicone-Thickness-Flexible-Transfer-Engraving/dp/B07X5VYDZK/ref=sr_1_4_sspa?crid=3V3Z40PDR2RQK&keywords=silicone+tube+2mm+id+4mm+od&qid=1706895064&sprefix=silicone+tub+2mm+id+4mm+od%2Caps%2C141&sr=8-4-spons&sp_csd=d2lkZ2V0TmFtZT1zcF9hdGY&psc=1,,,,,,,,,,,,,,,,,,
,"Male Luer lock x 1/8"" Barb",Luer Lock connectors,Mouthpiece Consumable,RSN,Amazon,,1,10,1,12.31, $1.23 , $12.31 ,,https://www.amazon.ca/RSN-Lab-3-2Mm-Adapter-Black/dp/B08414Q7JK/ref=sr_1_20?crid=3R6FQVIF9TFFJ&keywords=male+luer+connector&qid=1706896948&sprefix=male+luer+connector%2Caps%2C143&sr=8-20,,,,,,,,,,,,,,,,,,
,,,,,,,,,0,, $-   , $-   ,,,,,,,,,,,,,,,,,,,,
,,,,,,,,,0,, $-   , $-   ,,,,,,,,,,,,,,,,,,,,
,,,,,,,,,,,,,,,,,,,,,,,,,,,,,,,,
,,,,,,,,,,,,,,,,,,,,,,,,,,,,,,,,
,,,,,,,,,,,,,,,,,,,,,,,,,,,,,,,,
,,,,,,,,,,,,,,,,,,,,,,,,,,,,,,,,
,,,,,,,,,,,,,,,,,,,,,,,,,,,,,,,,
,,,,,,,,,,,,,,,,,,,,,,,,,,,,,,,,
,,,,,,,,,,,,,,,,,,,,,,,,,,,,,,,,
,,,,,,,,,,,,,,,,,,,,,,,,,,,,,,,,
,,,,,,,,,,,,,,,,,,,,,,,,,,,,,,,,
,,,,,,,,,,,,,,,,,,,,,,,,,,,,,,,,
,,,,,,,,,,,,,,,,,,,,,,,,,,,,,,,,
,,,,,,,,,,,,,,,,,,,,,,,,,,,,,,,,
,,,,,,,,,,,,,,,,,,,,,,,,,,,,,,,,
,,,,,,,,,,,,,,,,,,,,,,,,,,,,,,,,
,,,,,,,,,,,,,,,,,,,,,,,,,,,,,,,,
,,,,,,,,,,,,,,,,,,,,,,,,,,,,,,,,
,,,,,,,,,,,,,,,,,,,,,,,,,,,,,,,,
,,,,,,,,,,,,,,,,,,,,,,,,,,,,,,,,
,,,,,,,,,,,,,,,,,,,,,,,,,,,,,,,,
,,,,,,,,,,,,,,,,,,,,,,,,,,,,,,,,
,,,,,,,,,,,,,,,,,,,,,,,,,,,,,,,,
,,,,,,,,,,,,,,,,,,,,,,,,,,,,,,,,
,,,,,,,,,,,,,,,,,,,,,,,,,,,,,,,,
,,,,,,,,,,,,,,,,,,,,,,,,,,,,,,,,
,,,,,,,,,,,,,,,,,,,,,,,,,,,,,,,,
,,,,,,,,,,,,,,,,,,,,,,,,,,,,,,,,
,,,,,,,,,,,,,,,,,,,,,,,,,,,,,,,,
,,,,,,,,,,,,,,,,,,,,,,,,,,,,,,,,
,,,,,,,,,,,,,,,,,,,,,,,,,,,,,,,,
,,,,,,,,,,,,,,,,,,,,,,,,,,,,,,,,
